<?xml version="1.0" encoding="UTF-8"?>
<!DOCTYPE hibernate-mapping PUBLIC "-//Hibernate/Hibernate Mapping DTD 3.0//EN" "http://hibernate.sourceforge.net/hibernate-mapping-3.0.dtd">
<hibernate-mapping>
  <class name="com.vivek.pojo.movies" table="movies">
    <id column="movieId" name="id" type="int">
      <generator class="increment"/>
    </id>
    <property column="moviename" name="title" type="string"/>
    <property column="actor" name="actor" type="string"/>
    <property column="actress" name="actress" type="string"/>
    <property column="genre" name="genre" type="string"/>
    <property column="year" name="year" type="string"/>
<!--    <set lazy="false" name="courses" table="course">
      <key column="ownerId"/>
      <element column="constructorname" type="string"/>
    </set>
    <map name="emails" table="emails">
      <key column="id"/>
      <map-key column="email_id" type="string"/>
      <element column="email" type="string"/>
    </map>-->
  </class>
</hibernate-mapping>
