<?xml version="1.0" encoding="UTF-8"?>
<!DOCTYPE hibernate-mapping PUBLIC "-//Hibernate/Hibernate Mapping DTD 3.0//EN" "http://hibernate.sourceforge.net/hibernate-mapping-3.0.dtd">
<hibernate-mapping>
    <class name="com.vivek.pojo.Books" table="books">
        <id column="booksId" name="booksId" type="int">
            <generator class="increment"/>
        </id>
        <property column="isbn" name="isbn" type="string"/>
        <property column="name" name="name" type="string"/>
        <property column="author" name="author" type="string"/>
        <property column="price" name="price" type="double"/>
    </class>
</hibernate-mapping>
